{
  "cnn_weight": 0.21748057619289612,
  "vgg16_weight": 0.7825194238071038
}