{
  "loss": [
    1.7987182140350342,
    1.373767375946045,
    1.2805578708648682,
    1.2328659296035767,
    1.1938292980194092,
    1.1545675992965698,
    1.1343857049942017,
    1.1142650842666626,
    1.0857129096984863,
    1.0632516145706177,
    1.0523432493209839,
    1.0372118949890137,
    1.0174317359924316,
    1.0013773441314697,
    0.9866088628768921,
    0.9827782511711121,
    0.9649363160133362,
    0.9508060812950134,
    0.9412932395935059,
    0.9305387735366821,
    0.9142770171165466,
    0.9136563539505005,
    0.8955202698707581,
    0.8939061164855957,
    0.8787983059883118,
    0.8661341071128845,
    0.8560380339622498,
    0.849836528301239,
    0.8449041843414307,
    0.8339685201644897,
    0.821073591709137,
    0.8141145706176758,
    0.8026610612869263,
    0.7985501885414124,
    0.7805536389350891,
    0.7783018946647644,
    0.7657006978988647,
    0.7622007727622986,
    0.7566126585006714,
    0.7539486885070801,
    0.7367499470710754,
    0.7245270609855652,
    0.7204846739768982,
    0.7120599746704102,
    0.7064896821975708,
    0.70759516954422,
    0.8309019207954407,
    0.6791334748268127,
    0.6095156073570251,
    0.5474923849105835,
    0.4873707890510559,
    0.42701661586761475,
    0.4009249210357666,
    0.3462630808353424,
    0.3093917667865753,
    0.2776205539703369,
    0.22970013320446014,
    0.20356197655200958,
    0.19223788380622864,
    0.1729283630847931,
    0.14048947393894196,
    0.11792802065610886,
    0.10440623015165329,
    0.09909217059612274,
    0.09657298028469086
  ],
  "accuracy": [
    0.30554071068763733,
    0.3912346363067627,
    0.43319079279899597,
    0.4563513398170471,
    0.47612684965133667,
    0.4925173819065094,
    0.5052556395530701,
    0.516568660736084,
    0.5295742154121399,
    0.542312502861023,
    0.541778028011322,
    0.5552289485931396,
    0.5599501132965088,
    0.5709959268569946,
    0.5750935077667236,
    0.5782113075256348,
    0.5852485299110413,
    0.5965615510940552,
    0.6020844578742981,
    0.6027970910072327,
    0.6175841689109802,
    0.6105469465255737,
    0.6231070756912231,
    0.6181186437606812,
    0.6293426156044006,
    0.6331729888916016,
    0.6413682699203491,
    0.6376269459724426,
    0.6426153779029846,
    0.6505433917045593,
    0.6529484987258911,
    0.6552645564079285,
    0.6639052033424377,
    0.666755735874176,
    0.6749510169029236,
    0.6694281101226807,
    0.6799394488334656,
    0.6771779656410217,
    0.6873329877853394,
    0.6827008724212646,
    0.6901835203170776,
    0.6979333758354187,
    0.701585590839386,
    0.7030999660491943,
    0.7033671736717224,
    0.703545331954956,
    0.6508997082710266,
    0.7132549285888672,
    0.7442544102668762,
    0.7716907262802124,
    0.7986816167831421,
    0.8259397745132446,
    0.8350258469581604,
    0.8597006797790527,
    0.8774273991584778,
    0.8933725357055664,
    0.9110101461410522,
    0.923392117023468,
    0.9305184483528137,
    0.9385355710983276,
    0.9514519572257996,
    0.9595581889152527,
    0.9649919867515564,
    0.967664361000061,
    0.9693568348884583
  ],
  "mae": [
    0.29512685537338257,
    0.27603596448898315,
    0.2643008530139923,
    0.25776809453964233,
    0.2512909173965454,
    0.24568115174770355,
    0.24200083315372467,
    0.2386825680732727,
    0.2340361624956131,
    0.23020575940608978,
    0.22921127080917358,
    0.22553502023220062,
    0.2227335423231125,
    0.2191905677318573,
    0.2167423963546753,
    0.21531441807746887,
    0.21314996480941772,
    0.20985345542430878,
    0.20785671472549438,
    0.2057042270898819,
    0.2032730132341385,
    0.2025771588087082,
    0.19959604740142822,
    0.1987820714712143,
    0.19574615359306335,
    0.1933969408273697,
    0.19135338068008423,
    0.19007106125354767,
    0.18883633613586426,
    0.1869383603334427,
    0.18408529460430145,
    0.1825101375579834,
    0.18040767312049866,
    0.179630309343338,
    0.17609618604183197,
    0.17559781670570374,
    0.17304356396198273,
    0.17247021198272705,
    0.1706078052520752,
    0.17023764550685883,
    0.1667173206806183,
    0.16469483077526093,
    0.16325120627880096,
    0.16213303804397583,
    0.16034255921840668,
    0.16052474081516266,
    0.1804874688386917,
    0.15225213766098022,
    0.13818329572677612,
    0.12570476531982422,
    0.11376946419477463,
    0.10105565935373306,
    0.09470611065626144,
    0.08325227349996567,
    0.07467816770076752,
    0.0672985091805458,
    0.057000093162059784,
    0.05109701305627823,
    0.04747755080461502,
    0.04259704053401947,
    0.03573470190167427,
    0.030329681932926178,
    0.026668880134820938,
    0.02472621202468872,
    0.02406274527311325
  ],
  "val_loss": [
    1.3418898582458496,
    1.3043632507324219,
    1.2634201049804688,
    1.2443102598190308,
    1.2284183502197266,
    1.2132612466812134,
    1.2051864862442017,
    1.191403865814209,
    1.1831917762756348,
    1.1763051748275757,
    1.172953724861145,
    1.1663135290145874,
    1.1607745885849,
    1.1668800115585327,
    1.161940574645996,
    1.1566065549850464,
    1.151901125907898,
    1.1553778648376465,
    1.1515711545944214,
    1.1512351036071777,
    1.1471798419952393,
    1.1546496152877808,
    1.1527962684631348,
    1.1485196352005005,
    1.1505218744277954,
    1.1546977758407593,
    1.1601098775863647,
    1.1477274894714355,
    1.1452454328536987,
    1.151469349861145,
    1.144026279449463,
    1.1652871370315552,
    1.1614493131637573,
    1.1526051759719849,
    1.1654353141784668,
    1.1588537693023682,
    1.167494535446167,
    1.1875208616256714,
    1.1878876686096191,
    1.1689975261688232,
    1.1767722368240356,
    1.2039037942886353,
    1.1861881017684937,
    1.2014683485031128,
    1.2029385566711426,
    1.205217957496643,
    0.9971640110015869,
    0.9321125745773315,
    0.9478651285171509,
    0.9291418194770813,
    1.0994850397109985,
    0.9356479048728943,
    0.9631943106651306,
    1.0543606281280518,
    1.0121073722839355,
    1.1538859605789185,
    1.3771101236343384,
    1.2711231708526611,
    1.2438347339630127,
    1.3680697679519653,
    1.405562162399292,
    1.5485832691192627,
    1.5149807929992676,
    1.4310768842697144,
    1.6137003898620605
  ],
  "val_accuracy": [
    0.41041162610054016,
    0.4237288236618042,
    0.4285714328289032,
    0.4382566511631012,
    0.43946731090545654,
    0.44430992007255554,
    0.4539951682090759,
    0.4539951682090759,
    0.46973365545272827,
    0.4733656048774719,
    0.4673123359680176,
    0.47215497493743896,
    0.47699758410453796,
    0.4733656048774719,
    0.4878934621810913,
    0.4878934621810913,
    0.49394673109054565,
    0.49636805057525635,
    0.4878934621810913,
    0.47457626461982727,
    0.4830508530139923,
    0.49878934025764465,
    0.501210629940033,
    0.4927360713481903,
    0.49636805057525635,
    0.49394673109054565,
    0.49152541160583496,
    0.5036319494247437,
    0.5048426389694214,
    0.5036319494247437,
    0.509685218334198,
    0.508474588394165,
    0.5072638988494873,
    0.508474588394165,
    0.5060532689094543,
    0.5072638988494873,
    0.5108959078788757,
    0.5048426389694214,
    0.5133171677589417,
    0.5060532689094543,
    0.5169491767883301,
    0.5133171677589417,
    0.5060532689094543,
    0.5205811262130737,
    0.509685218334198,
    0.508474588394165,
    0.5811138153076172,
    0.6101694703102112,
    0.5944309830665588,
    0.6041162014007568,
    0.5617433190345764,
    0.6259080171585083,
    0.6150121092796326,
    0.6271186470985413,
    0.6186440587043762,
    0.6113801598548889,
    0.5811138153076172,
    0.6283292770385742,
    0.6138014793395996,
    0.6053268909454346,
    0.6065375208854675,
    0.6150121092796326,
    0.6355932354927063,
    0.6113801598548889,
    0.6065375208854675
  ],