{
  "loss": [
    0.631700873374939,
    0.48087990283966064,
    0.4477277994155884,
    0.4389309287071228,
    0.42597925662994385,
    0.4263867139816284,
    0.420089989900589,
    0.42184337973594666,
    0.4171733558177948,
    0.4175812602043152,
    0.4091167151927948,
    0.409248411655426,
    0.4034852981567383,
    0.3972116708755493,
    0.40137407183647156,
    0.39308106899261475,
    0.38340312242507935,
    0.3741355240345001,
    0.37039685249328613,
    0.3646971881389618,
    0.36234623193740845,
    0.3560885787010193,
    0.3518315255641937,
    0.3479216694831848,
    0.349825382232666,
    0.34066158533096313,
    0.34328311681747437,
    0.33752918243408203,
    0.3408075273036957,
    0.3351026773452759,
    0.33523789048194885,
    0.33653196692466736,
    0.3254617154598236,
    0.32146620750427246,
    0.3218301236629486,
    0.3197981119155884,
    0.3212040960788727,
    0.3197021484375,
    0.3112465739250183,
    0.3151668310165405,
    0.31729909777641296,
    0.31176334619522095,
    0.30998608469963074,
    0.3117169141769409
  ],
  "mae": [
    0.9515223503112793,
    0.7955474257469177,
    0.7655676007270813,
    0.7568226456642151,
    0.7464872002601624,
    0.7482750415802002,
    0.7437707185745239,
    0.7451587915420532,
    0.7416984438896179,
    0.7427954077720642,
    0.733420193195343,
    0.7335798144340515,
    0.7279604077339172,
    0.7188697457313538,
    0.7231317162513733,
    0.7134973406791687,
    0.7015671133995056,
    0.6893534064292908,
    0.685562014579773,
    0.6781681776046753,
    0.6767774820327759,
    0.6690900921821594,
    0.6622649431228638,
    0.6577504277229309,
    0.6588125228881836,
    0.647829532623291,
    0.6532408595085144,
    0.6441788077354431,
    0.6469184756278992,
    0.6420559287071228,
    0.6412031054496765,
    0.6420143246650696,
    0.6293440461158752,
    0.6231670379638672,
    0.6250108480453491,
    0.6216673851013184,
    0.6239888072013855,
    0.6224709749221802,
    0.6124839186668396,
    0.6162886023521423,
    0.6187540292739868,
    0.6115697026252747,
    0.6087266802787781,
    0.6116840243339539
  ],
  "val_loss": [
    0.4943138659000397,
    0.5099383592605591,
    0.47776713967323303,
    0.458766907453537,
    0.5589450597763062,
    0.47944316267967224,
    0.504181444644928,
    0.427749902009964,
    0.49328938126564026,
    0.621350884437561,
    0.48725831508636475,
    0.44779765605926514,
    0.46771830320358276,
    0.5108208060264587,
    0.516217827796936,
    0.44504889845848083,
    0.4622229039669037,
    0.4377686381340027,
    0.4357641041278839,
    0.4245201647281647,
    0.4172150194644928,
    0.42800891399383545,
    0.4309541881084442,
    0.41285645961761475,
    0.4111359417438507,
    0.4202674925327301,
    0.42009440064430237,
    0.40749213099479675,
    0.40223759412765503,
    0.4202668368816376,
    0.40149760246276855,
    0.40600529313087463,
    0.40564993023872375,
    0.4165845215320587,
    0.3974854350090027,
    0.39454907178878784,
    0.38677313923835754,
    0.387253075838089,
    0.40305155515670776,
    0.3987981379032135,
    0.3888114094734192,
    0.4015866219997406,
    0.40617355704307556,
    0.39687758684158325
  ],
  "val_mae": [
    0.7991403937339783,
    0.8212525844573975,
    0.7975951433181763,
    0.7777600884437561,
    0.8912615180015564,
    0.7986488342285156,
    0.834989607334137,
    0.7604696154594421,
    0.8224307894706726,
    0.9528946876525879,
    0.8150490522384644,
    0.7750398516654968,
    0.7971270680427551,
    0.84549480676651,
    0.8428667783737183,
    0.7747059464454651,
    0.7890775203704834,
    0.7645058035850525,
    0.7616493105888367,
    0.7503833770751953,
    0.741378128528595,
    0.7526886463165283,
    0.7549974918365479,
    0.7358752489089966,
    0.7346166968345642,
    0.7444068789482117,
    0.7440055012702942,
    0.7306696176528931,
    0.7246569395065308,
    0.7434622645378113,
    0.7217469811439514,
    0.728287935256958,
    0.7291125059127808,
    0.7387479543685913,
    0.7185535430908203,
    0.7153842449188232,
    0.7066000699996948,
    0.7065607309341431,
    0.724040687084198,
    0.7204648852348328,
    0.7082714438438416,
    0.7227083444595337,
    0.728114664554596,
    0.717563271522522
  ]
}