{
  "loss": [
    1.0405384302139282,
    0.823688805103302,
    0.7818885445594788,
    0.7424643635749817,
    0.7261621952056885,
    0.7093769907951355,
    0.6832113862037659,
    0.6745772361755371,
    0.6542260050773621,
    0.6481025218963623,
    0.6404090523719788,
    0.6280874609947205,
    0.6169695854187012,
    0.655274510383606,
    0.5273128151893616,
    0.46172571182250977,
    0.43490782380104065,
    0.409231573343277,
    0.3840939700603485,
    0.37310555577278137,
    0.34889572858810425,
    0.3305193781852722,
    0.3204060196876526,
    0.3048601746559143,
    0.29563090205192566,
    0.26900890469551086,
    0.25882789492607117,
    0.24376706779003143,
    0.23917849361896515
  ],
  "mae": [
    0.8050775527954102,
    0.726593554019928,
    0.7103692889213562,
    0.690925121307373,
    0.6829007267951965,
    0.6750218868255615,
    0.6642029285430908,
    0.6589829325675964,
    0.6460718512535095,
    0.6434102654457092,
    0.6414493322372437,
    0.6334790587425232,
    0.626798689365387,
    0.6466251611709595,
    0.5753583312034607,
    0.5328331589698792,
    0.5149545669555664,
    0.49659839272499084,
    0.48031142354011536,
    0.46901923418045044,
    0.45334944128990173,
    0.4376068115234375,
    0.4285429120063782,
    0.4181564748287201,
    0.41107073426246643,
    0.3913925290107727,
    0.3815692663192749,
    0.36909517645835876,
    0.3651673495769501
  ],
  "accuracy": [
    0.37974345684051514,
    0.4111883044242859,
    0.41484054923057556,
    0.42472830414772034,
    0.43434882164001465,
    0.44263318181037903,
    0.44227686524391174,
    0.4494922459125519,
    0.4578656554222107,
    0.45982539653778076,
    0.46062710881233215,
    0.47309815883636475,
    0.47479066252708435,
    0.46570461988449097,
    0.5253874659538269,
    0.564136803150177,
    0.5813290476799011,
    0.6021735072135925,
    0.621681809425354,
    0.6340637803077698,
    0.6513450741767883,
    0.6688045859336853,
    0.6808302402496338,
    0.6893817782402039,
    0.6962408423423767,
    0.7216283679008484,
    0.7269731163978577,
    0.745857834815979,
    0.7479957342147827
  ],
  "val_loss": [
    1.0879161357879639,
    0.9183453321456909,
    1.1336758136749268,
    1.0070405006408691,
    0.945102334022522,
    0.8470022082328796,
    0.9280809164047241,
    0.8129491209983826,
    0.8957535028457642,
    0.878627598285675,
    0.8392467498779297,
    0.9352055788040161,
    0.8380087614059448,
    0.7419026494026184,
    0.7149707674980164,
    0.6579942107200623,
    0.6097519397735596,
    0.6507554054260254,
    0.7090021967887878,
    0.6961309909820557,
    0.5786799788475037,
    0.5911142826080322,
    0.5619848370552063,
    0.5619692206382751,
    0.6039493680000305,
    0.641829788684845,
    0.6223681569099426,
    0.6121817231178284,
    0.6096210479736328
  ],
  "val_mae": [
    0.8119186162948608,
    0.7652124762535095,
    0.8409420847892761,
    0.7916439175605774,
    0.7974147796630859,
    0.7499593496322632,
    0.7543430328369141,
    0.7275873422622681,
    0.7610414624214172,
    0.7430818676948547,
    0.7317859530448914,
    0.7594865560531616,
    0.7245489358901978,
    0.6782483458518982,
    0.6675397753715515,
    0.652353048324585,
    0.6099177598953247,
    0.6177802085876465,
    0.6382248997688293,
    0.619067907333374,
    0.5837745070457458,
    0.5756064057350159,
    0.5848155617713928,
    0.5774583220481873,
    0.5800687670707703,
    0.6152979731559753,
    0.593713104724884,
    0.5758234858512878,
    0.5768605470657349
  ],
  "val_accuracy": [
    0.3995157480239868,
    0.37530267238616943,
    0.38256657123565674,
    0.3813559412956238,
    0.33414044976234436,
    0.3716706931591034,
    0.4092009663581848,
    0.3886198401451111,
    0.3861985504627228,
    0.4043583571910858,
    0.3995157480239868,
    0.4164648950099945,
    0.40799030661582947,
    0.45157384872436523,
    0.4479418992996216,
    0.4576271176338196,
    0.5060532689094543,
    0.5108959078788757,
    0.49152541160583496,
    0.509685218334198,
    0.5157384872436523,
    0.5423728823661804,
    0.527845025062561,
    0.5314769744873047,
    0.5242130756378174,
    0.48910412192344666,
    0.5387409329414368,
    0.537530243396759,
    0.5593220591545105
  ]
}