{
  "loss": [
    3.181619167327881,
    2.2652809619903564,
    2.1665079593658447,
    2.4997010231018066,
    2.8509857654571533,
    2.598372459411621,
    2.3222999572753906,
    2.1128294467926025,
    1.9410207271575928,
    1.795495867729187,
    1.6038814783096313,
    1.5345544815063477,
    1.4828835725784302,
    1.483047366142273,
    1.3782436847686768,
    1.3676353693008423,
    1.2973707914352417,
    1.2710212469100952,
    1.2271559238433838,
    1.160964012145996,
    1.1602619886398315,
    1.1130825281143188,
    1.0867433547973633,
    1.0825612545013428,
    1.0446702241897583,
    0.9736672639846802,
    0.9741657972335815,
    0.9185264706611633,
    0.9703773260116577,
    0.9488824605941772,
    0.9486246705055237,
    0.8235042691230774,
    0.842436671257019,
    0.825184166431427
  ],
  "accuracy": [
    0.38731515407562256,
    0.4850347340106964,
    0.5287724733352661,
    0.5614644289016724,
    0.5938001275062561,
    0.5939782857894897,
    0.6167824864387512,
    0.6348654627799988,
    0.6517904996871948,
    0.6660431027412415,
    0.6980224251747131,
    0.7213611006736755,
    0.7332085967063904,
    0.7522715330123901,
    0.7765900492668152,
    0.792624294757843,
    0.8125779628753662,
    0.8303046226501465,
    0.8445572853088379,
    0.8556921482086182,
    0.8746659755706787,
    0.8813468813896179,
    0.8959558010101318,
    0.9041510820388794,
    0.9089613556861877,
    0.9205415844917297,
    0.9179583191871643,
    0.9274897575378418,
    0.9198289513587952,
    0.9281132817268372,
    0.9304293394088745,
    0.9443256855010986,
    0.9446820020675659,
    0.9438802599906921
  ],
  "mae": [
    0.2709101438522339,
    0.24165643751621246,
    0.22843746840953827,
    0.21760882437229156,
    0.20743291079998016,
    0.20480813086032867,
    0.197093665599823,
    0.18864616751670837,
    0.1812475323677063,
    0.17389307916164398,
    0.16199570894241333,
    0.1509944051504135,
    0.14354990422725677,
    0.13604356348514557,
    0.12402878701686859,
    0.11498209834098816,
    0.1036621704697609,
    0.09536368399858475,
    0.08803495019674301,
    0.08054058253765106,
    0.07329769432544708,
    0.06844130158424377,
    0.06039104610681534,
    0.056824248284101486,
    0.052805133163928986,
    0.04782683029770851,
    0.04724214971065521,
    0.04325234889984131,
    0.04640140384435654,
    0.043761737644672394,
    0.04167722910642624,
    0.03439810872077942,
    0.033866479992866516,
    0.03345559909939766
  ],
  "val_loss": [
    2.718268871307373,
    2.8279802799224854,
    2.5481045246124268,
    3.2823400497436523,
    3.5827996730804443,
    2.6960065364837646,
    5.100635528564453,
    2.9621152877807617,
    4.377770900726318,
    2.341151237487793,
    2.129232168197632,
    2.2030222415924072,
    2.175717353820801,
    3.355592966079712,
    2.1255908012390137,
    2.2078566551208496,
    2.1184685230255127,
    2.8061015605926514,
    1.9660357236862183,
    2.4012064933776855,
    2.3766376972198486,
    2.5457985401153564,
    2.2687621116638184,
    2.6656670570373535,
    2.6179733276367188,
    2.244891881942749,
    2.422518253326416,
    2.753278970718384,
    3.5506041049957275,
    15.03039836883545,
    2.532808542251587,
    2.391416549682617,
    3.158243417739868,
    2.6040778160095215
  ],
  "val_accuracy": [
    0.31355932354927063,
    0.4043583571910858,
    0.4830508530139923,
    0.3958837687969208,
    0.32203391194343567,
    0.4806295335292816,
    0.2239709496498108,
    0.43220338225364685,
    0.18523003160953522,
    0.4624697268009186,
    0.5036319494247437,
    0.4757869243621826,
    0.4237288236618042,
    0.342615008354187,
    0.47941887378692627,
    0.501210629940033,
    0.5072638988494873,
    0.4588377773761749,
    0.5508474707603455,
    0.5072638988494873,
    0.47699758410453796,
    0.4782082438468933,
    0.5302663445472717,
    0.5254237055778503,
    0.509685218334198,
    0.5581113696098328,
    0.5205811262130737,
    0.5024213194847107,
    0.4552057981491089,
    0.4503631889820099,
    0.5072638988494873,
    0.5108959078788757,
    0.47215497493743896,
    0.495157390832901
  ],
  "val_mae": [
    0.28472086787223816,
    0.241463765501976,
    0.23334485292434692,
    0.26833638548851013,
    0.2821635603904724,
    0.24940480291843414,
    0.30754271149635315,
    0.2349824160337448,
    0.32653987407684326,
    0.24259087443351746,
    0.22992582619190216,
    0.2355749011039734,
    0.24855856597423553,
    0.26225775480270386,
    0.220662459731102,
    0.2208566665649414,
    0.21563340723514557,
    0.22119857370853424,
    0.20456750690937042,
    0.21022243797779083,
    0.21990688145160675,
    0.2188754379749298,
    0.20195040106773376,
    0.2042662501335144,
    0.20273436605930328,
    0.1845199167728424,
    0.19914044439792633,
    0.2029699981212616,
    0.22022554278373718,
    0.22321906685829163,
    0.19727866351604462,
    0.19969476759433746,
    0.2166372537612915,
    0.20971719920635223
  ]
}