{
  "loss": [
    1.3902153968811035,
    0.9335782527923584,
    0.9062553644180298,
    0.897605836391449,
    0.8769445419311523,
    0.8813355565071106,
    0.8851499557495117,
    0.8815204501152039,
    0.8795095086097717,
    0.8757048845291138,
    0.8632706999778748,
    0.8683893084526062,
    0.8113930225372314,
    0.7589889764785767,
    0.724661111831665,
    0.6966776847839355,
    0.6682643294334412,
    0.6466837525367737,
    0.6311026215553284,
    0.6260643601417542,
    0.6030349135398865,
    0.5807970762252808,
    0.5739582777023315,
    0.5642799735069275,
    0.5552587509155273,
    0.5454986691474915,
    0.5364816188812256,
    0.527150571346283,
    0.5163782835006714,
    0.508651852607727,
    0.4958721399307251,
    0.49505147337913513,
    0.49385935068130493,
    0.4835149943828583,
    0.48185476660728455,
    0.4723137617111206,
    0.4664728343486786
  ],
  "mae": [
    1.2968577146530151,
    0.8377189040184021,
    0.809441328048706,
    0.8006533980369568,
    0.7789494395256042,
    0.782231330871582,
    0.7851154804229736,
    0.7805877327919006,
    0.7774142026901245,
    0.7743042707443237,
    0.7620722651481628,
    0.7681976556777954,
    0.7115601301193237,
    0.6600015163421631,
    0.626448929309845,
    0.5991840958595276,
    0.5714507102966309,
    0.5505118370056152,
    0.5355335474014282,
    0.5310841202735901,
    0.5086045861244202,
    0.4869043231010437,
    0.4805763065814972,
    0.4714050889015198,
    0.4628736078739166,
    0.4535941481590271,
    0.4450284242630005,
    0.43613550066947937,
    0.4257833957672119,
    0.4184831380844116,
    0.40611687302589417,
    0.40570831298828125,
    0.4049231708049774,
    0.39497900009155273,
    0.39370569586753845,
    0.38454997539520264,
    0.37908676266670227
  ],
  "val_loss": [
    0.9195167422294617,
    0.9324153065681458,
    0.9783867001533508,
    0.8836309313774109,
    0.8758615255355835,
    0.8708726167678833,
    0.8375420570373535,
    0.8841187953948975,
    0.851955771446228,
    0.9602991938591003,
    0.8939602971076965,
    0.8425227999687195,
    0.7603399753570557,
    0.7437426447868347,
    0.7209388613700867,
    0.6845821142196655,
    0.6937057971954346,
    0.6845307946205139,
    0.6961279511451721,
    0.6729103326797485,
    0.7480225563049316,
    0.6471661329269409,
    0.6479929089546204,
    0.709476113319397,
    0.6372193098068237,
    0.655616283416748,
    0.6147159337997437,
    0.6309291124343872,
    0.6286158561706543,
    0.5955795049667358,
    0.6067456007003784,
    0.6294488906860352,
    0.5988013744354248,
    0.6001222133636475,
    0.611507773399353,
    0.6111984848976135,
    0.6282286047935486
  ],
  "val_mae": [
    0.8245100975036621,
    0.8360313177108765,
    0.8815522789955139,
    0.7862351536750793,
    0.7777869701385498,
    0.7709758281707764,
    0.7372466325759888,
    0.7826853394508362,
    0.7498306632041931,
    0.8587494492530823,
    0.7938652634620667,
    0.7430641055107117,
    0.660947859287262,
    0.645153820514679,
    0.6230867505073547,
    0.5874365568161011,
    0.5972197651863098,
    0.5886695384979248,
    0.6008607149124146,
    0.5782103538513184,
    0.6538680791854858,
    0.5535350441932678,
    0.5548691749572754,
    0.6168474555015564,
    0.5450828075408936,
    0.5639467835426331,
    0.5234875679016113,
    0.5401225686073303,
    0.5382423400878906,
    0.5056218504905701,
    0.5172019600868225,
    0.5403141379356384,
    0.5100707411766052,
    0.5117871165275574,
    0.5235580205917358,
    0.5236238837242126,
    0.5410262942314148
  ]
}