{
  "loss": [
    0.9272761344909668,
    0.6909979581832886,
    0.6021284461021423,
    0.5403223633766174,
    0.483441025018692,
    0.4336603879928589,
    0.36512818932533264,
    0.310513436794281,
    0.2649520933628082,
    0.24467016756534576
  ],
  "accuracy": [
    0.6157135367393494,
    0.7127204537391663,
    0.75164794921875,
    0.7789952158927917,
    0.8023338913917542,
    0.8245145082473755,
    0.8491002917289734,
    0.8782290816307068,
    0.8953322768211365,
    0.9039729237556458
  ],
  "val_loss": [
    1.0298051834106445,
    0.9932473301887512,
    0.896842896938324,
    1.0170180797576904,
    0.9046335220336914,
    0.9226228594779968,
    0.9196106195449829,
    1.0900869369506836,
    1.3544797897338867,
    1.1465727090835571
  ],
  "val_accuracy": [
    0.5581113696098328,
    0.6065375208854675,
    0.65617436170578,
    0.5956416726112366,
    0.648910403251648,
    0.648910403251648,
    0.6537530422210693,
    0.6622276306152344,
    0.6355932354927063,
    0.6404358148574829
  ]
}