{
  "0": 0.9996438112199466,
  "1": 1.0000890868596881,
  "2": 1.0000890868596881,
  "3": 1.0000890868596881,
  "4": 1.0000890868596881
}