{
  "loss": [
    1.2951843738555908,
    1.0624525547027588,
    1.0032895803451538,
    0.9777689576148987,
    0.9502177834510803,
    0.9345160126686096,
    0.9217589497566223,
    0.8975468873977661,
    0.8865001201629639,
    0.9474258422851562,
    0.9063666462898254,
    0.8819887638092041,
    0.8506439328193665,
    0.8266875743865967,
    0.808620035648346,
    0.7896295785903931,
    0.7720864415168762,
    0.7518730759620667,
    0.7405024170875549,
    0.7193828225135803,
    0.7014349102973938,
    0.6875289678573608,
    0.6653656959533691,
    0.6479026079177856,
    0.6355386972427368,
    0.627230167388916,
    0.6047723889350891,
    0.5940350890159607,
    0.5748222470283508,
    0.5619239211082458,
    0.5575039982795715,
    0.5295807123184204,
    0.5192134976387024,
    0.5085315108299255,
    0.49326953291893005,
    0.47381144762039185,
    0.4588373303413391,
    0.448461651802063
  ],
  "accuracy": [
    0.49429893493652344,
    0.5790129899978638,
    0.613397479057312,
    0.6238197088241577,
    0.6325494647026062,
    0.6470692753791809,
    0.6577587723731995,
    0.6741492748260498,
    0.6834135055541992,
    0.6337965726852417,
    0.6525031328201294,
    0.659005880355835,
    0.6794940233230591,
    0.6876001954078674,
    0.6980224251747131,
    0.7053269147872925,
    0.716016411781311,
    0.7216283679008484,
    0.7252805829048157,
    0.7362372875213623,
    0.7455905675888062,
    0.7489755749702454,
    0.7610012292861938,
    0.7690183520317078,
    0.7757883667945862,
    0.7775699496269226,
    0.7858542799949646,
    0.7970781922340393,
    0.8050953149795532,
    0.8095492720603943,
    0.8097274303436279,
    0.8189025521278381,
    0.8256725668907166,
    0.8348476886749268,
    0.8425084352493286,
    0.849812924861908,
    0.854266881942749,
    0.8629966378211975
  ],
  "mae": [
    0.23204922676086426,
    0.20964422821998596,
    0.19803564250469208,
    0.19136148691177368,
    0.18598508834838867,
    0.18031436204910278,
    0.17741240561008453,
    0.17096327245235443,
    0.16686075925827026,
    0.1939278393983841,
    0.18797142803668976,
    0.18441540002822876,
    0.17878715693950653,
    0.1749732494354248,
    0.1711016446352005,
    0.16791658103466034,
    0.16417929530143738,
    0.16069354116916656,
    0.15799754858016968,
    0.15473327040672302,
    0.15135110914707184,
    0.1481476128101349,
    0.1446562558412552,
    0.14088119566440582,
    0.13793089985847473,
    0.13672903180122375,
    0.13208304345607758,
    0.1300070881843567,
    0.12624093890190125,
    0.12333313375711441,
    0.12222614884376526,
    0.1172698587179184,
    0.11524172872304916,
    0.11233647912740707,
    0.10908474028110504,
    0.10522081702947617,
    0.10216984152793884,
    0.09958435595035553
  ],
  "val_loss": [
    1.2282609939575195,
    1.187996506690979,
    1.1973191499710083,
    1.2134945392608643,
    1.2210136651992798,
    1.2208930253982544,
    1.2492904663085938,
    1.2497371435165405,
    1.2915931940078735,
    1.168606162071228,
    1.1607948541641235,
    1.1455107927322388,
    1.1400777101516724,
    1.1270291805267334,
    1.1285542249679565,
    1.112751841545105,
    1.1137369871139526,
    1.1143245697021484,
    1.1032260656356812,
    1.112912654876709,
    1.0943496227264404,
    1.0949134826660156,
    1.0968635082244873,
    1.0928096771240234,
    1.091910481452942,
    1.0982849597930908,
    1.0958466529846191,
    1.1060066223144531,
    1.109203577041626,
    1.0976728200912476,
    1.0895564556121826,
    1.106083869934082,
    1.0947554111480713,
    1.1145901679992676,
    1.1154316663742065,
    1.1104753017425537,
    1.12606942653656,
    1.1196025609970093
  ],
  "val_accuracy": [
    0.5145278573036194,
    0.5157384872436523,
    0.5254237055778503,
    0.5254237055778503,
    0.5242130756378174,
    0.5205811262130737,
    0.5290557146072388,
    0.5217917561531067,
    0.5314769744873047,
    0.527845025062561,
    0.5290557146072388,
    0.5435835123062134,
    0.5411622524261475,
    0.5520581007003784,
    0.5435835123062134,
    0.5508474707603455,
    0.5508474707603455,
    0.5544794201850891,
    0.5520581007003784,
    0.5617433190345764,
    0.5569007396697998,
    0.5690072774887085,
    0.5653753280639648,
    0.5605326890945435,
    0.5714285969734192,
    0.5702179074287415,
    0.5774818658828735,
    0.5738498568534851,
    0.5774818658828735,
    0.5774818658828735,
    0.5714285969734192,
    0.5690072774887085,
    0.5702179074287415,
    0.5690072774887085,
    0.5702179074287415,
    0.5738498568534851,
    0.5738498568534851,
    0.5738498568534851
  ],
  "val_mae": [
    0.24268196523189545,
    0.2418747991323471,
    0.23662158846855164,
    0.23672014474868774,
    0.22892558574676514,
    0.22996105253696442,
    0.23335742950439453,
    0.2306434065103531,
    0.2222425937652588,
    0.23476271331310272,
    0.2320476472377777,
    0.23147143423557281,
    0.22800686955451965,
    0.22629611194133759,
    0.2247779220342636,
    0.2239544689655304,
    0.22403930127620697,
    0.21977274119853973,
    0.2197382003068924,
    0.21748195588588715,
    0.21762637794017792,
    0.21590521931648254,
    0.21472786366939545,
    0.21521317958831787,
    0.21307095885276794,
    0.21103118360042572,
    0.20950685441493988,
    0.20737817883491516,
    0.20711904764175415,
    0.20619285106658936,
    0.20764775574207306,
    0.20330435037612915,
    0.20507581532001495,
    0.2017906904220581,
    0.20247918367385864,
    0.20024827122688293,
    0.1995139718055725,
    0.20046503841876984
  ]
}